<?xml version="1.0" encoding="UTF-8" standalone="no"?>
<window xmlns="http://schemas.haulmont.com/cuba/window.xsd"
        caption="msg://editorCaption"
        class="com.company.totalfield.web.orderserviceitem.OrderServiceItemEdit"
        datasource="orderServiceItemDs"
        focusComponent="fieldGroup"
        messagesPack="com.company.totalfield.web.orderserviceitem">
    <dsContext>
        <datasource id="orderServiceItemDs"
                    class="com.company.totalfield.entity.OrderServiceItem"
                    view="order-service-item-full-view"/>
        <collectionDatasource id="servicesDs"
                              class="com.company.totalfield.entity.Service"
                              view="_local">
            <query>
                <![CDATA[select e from totalfield$Service e]]>
            </query>
        </collectionDatasource>
    </dsContext>
    <dialogMode height="600"
                width="800"/>
    <layout expand="windowActions"
            spacing="true">
        <fieldGroup id="fieldGroup"
                    datasource="orderServiceItemDs">
            <column width="250px">
                <field id="service"
                       optionsDatasource="servicesDs"/>
                <field id="hours"/>
                <field id="amount"
                       editable="false"/>
            </column>
        </fieldGroup>
        <frame id="windowActions"
               screen="editWindowActions"/>
    </layout>
</window>
