<?xml version="1.0" encoding="UTF-8" standalone="no"?>
<window xmlns="http://schemas.haulmont.com/cuba/window.xsd"
        caption="msg://browseCaption"
        class="com.company.totalfield.web.order.OrderBrowse"
        focusComponent="ordersTable"
        lookupComponent="ordersTable"
        messagesPack="com.company.totalfield.web.order">
    <dsContext>
        <groupDatasource id="ordersDs"
                         class="com.company.totalfield.entity.Order"
                         view="_local">
            <query>
                <![CDATA[select e from totalfield$Order e]]>
            </query>
        </groupDatasource>
    </dsContext>
    <dialogMode height="600"
                width="800"/>
    <layout expand="ordersTable"
            spacing="true">
        <filter id="filter"
                applyTo="ordersTable"
                datasource="ordersDs">
            <properties include=".*"/>
        </filter>
        <groupTable id="ordersTable"
                    width="100%">
            <actions>
                <action id="create"/>
                <action id="edit"/>
                <action id="remove"/>
            </actions>
            <columns>
                <column id="number"/>
                <column id="totalAmount"/>
            </columns>
            <rows datasource="ordersDs"/>
            <rowsCount/>
            <buttonsPanel id="buttonsPanel"
                          alwaysVisible="true">
                <button id="createBtn"
                        action="ordersTable.create"/>
                <button id="editBtn"
                        action="ordersTable.edit"/>
                <button id="removeBtn"
                        action="ordersTable.remove"/>
            </buttonsPanel>
        </groupTable>
    </layout>
</window>
